category,total_revenue,total_profit,total_orders
Books,4885990.829999996,2022177.3200000036,1753
Beauty,4016093.280000003,1896859.6300000001,1680
Clothing,3440464.810000008,1389383.1700000016,1767
Home & Kitchen,2757057.330000007,1331197.7299999967,918
Sports,2731332.7599999974,1146276.8400000008,1017
Electronics,2631957.6800000034,887825.2299999988,1393
